Title,Abstract
Deep Learning for Natural Language Processing,"This paper surveys deep learning models applied to various NLP tasks including machine translation, sentiment analysis, and question answering."
Quantum Computing and Machine Learning Applications,An exploration of quantum computing in combination with machine learning algorithms to solve complex problems more efficiently.
A Review of COVID-19 Vaccines and Immune Responses,"The paper discusses the development of COVID-19 vaccines, their effectiveness, and immune response generation."
Advances in Graph Neural Networks for Social Network Analysis,"Graph neural networks have revolutionized the way we analyze large-scale networks including social, biological, and recommendation networks."
Optimization Techniques for Energy-Efficient Smart Grids,We present optimization methods to reduce energy consumption and enhance the efficiency of smart grid operations.
The Role of AI in Autonomous Driving Technologies,"An overview of AI systems for autonomous vehicles, focusing on perception, planning, and control systems."
Deep Reinforcement Learning for Robotics,"We apply deep reinforcement learning to improve robotic navigation, manipulation, and real-time decision making."
Big Data Analytics in Healthcare Informatics,"This paper explores the use of big data technologies for improving healthcare diagnostics, patient care, and hospital management."
Blockchain Applications in Financial Systems,The study investigates the impact of blockchain technologies on security and transparency in financial services.
Climate Change Modeling Using AI Techniques,"AI methods are used to predict climate patterns, analyze environmental changes, and build mitigation strategies."
